{
  "Register" : {
    "transaction" : "Register",
    "sampleCount" : 500,
    "errorCount" : 6,
    "errorPct" : 1.2,
    "meanResTime" : 1804.8579999999995,
    "medianResTime" : 663.0,
    "minResTime" : 523.0,
    "maxResTime" : 18013.0,
    "pct1ResTime" : 4523.1,
    "pct2ResTime" : 8549.199999999999,
    "pct3ResTime" : 17078.650000000005,
    "throughput" : 23.332866675999814,
    "receivedKBytesPerSec" : 16.168582878342434,
    "sentKBytesPerSec" : 5.7407054983900325
  },
  "Single<Resource>Not found" : {
    "transaction" : "Single<Resource>Not found",
    "sampleCount" : 500,
    "errorCount" : 0,
    "errorPct" : 0.0,
    "meanResTime" : 4739.362000000002,
    "medianResTime" : 1280.5,
    "minResTime" : 579.0,
    "maxResTime" : 32556.0,
    "pct1ResTime" : 16419.100000000002,
    "pct2ResTime" : 16646.35,
    "pct3ResTime" : 32234.820000000065,
    "throughput" : 15.041212923410143,
    "receivedKBytesPerSec" : 441.99041898238676,
    "sentKBytesPerSec" : 1.630443979002467
  },
  "singleUser" : {
    "transaction" : "singleUser",
    "sampleCount" : 500,
    "errorCount" : 0,
    "errorPct" : 0.0,
    "meanResTime" : 335.54200000000026,
    "medianResTime" : 69.0,
    "minResTime" : 54.0,
    "maxResTime" : 11017.0,
    "pct1ResTime" : 154.0,
    "pct2ResTime" : 1071.0999999999995,
    "pct3ResTime" : 7922.95,
    "throughput" : 15.295665208479917,
    "receivedKBytesPerSec" : 14.89911313821163,
    "sentKBytesPerSec" : 1.8223351127290526
  },
  "Total" : {
    "transaction" : "Total",
    "sampleCount" : 3000,
    "errorCount" : 6,
    "errorPct" : 0.2,
    "meanResTime" : 1449.093333333334,
    "medianResTime" : 435.0,
    "minResTime" : 54.0,
    "maxResTime" : 32556.0,
    "pct1ResTime" : 3665.4000000000024,
    "pct2ResTime" : 8582.399999999998,
    "pct3ResTime" : 16653.94,
    "throughput" : 85.74858514834504,
    "receivedKBytesPerSec" : 497.59926291945357,
    "sentKBytesPerSec" : 14.44411469945121
  },
  "LogIn" : {
    "transaction" : "LogIn",
    "sampleCount" : 500,
    "errorCount" : 0,
    "errorPct" : 0.0,
    "meanResTime" : 652.2340000000005,
    "medianResTime" : 443.5,
    "minResTime" : 406.0,
    "maxResTime" : 16276.0,
    "pct1ResTime" : 564.6000000000001,
    "pct2ResTime" : 1395.199999999998,
    "pct3ResTime" : 7898.920000000005,
    "throughput" : 23.4192037470726,
    "receivedKBytesPerSec" : 15.685194672131146,
    "sentKBytesPerSec" : 5.854800936768149
  },
  "Listusers" : {
    "transaction" : "Listusers",
    "sampleCount" : 500,
    "errorCount" : 0,
    "errorPct" : 0.0,
    "meanResTime" : 556.6140000000003,
    "medianResTime" : 80.0,
    "minResTime" : 55.0,
    "maxResTime" : 29937.0,
    "pct1ResTime" : 623.2000000000006,
    "pct2ResTime" : 2093.399999999999,
    "pct3ResTime" : 15029.570000000009,
    "throughput" : 15.314873805439843,
    "receivedKBytesPerSec" : 26.147604514441923,
    "sentKBytesPerSec" : 2.5724202095074733
  },
  "List<Resource>" : {
    "transaction" : "List<Resource>",
    "sampleCount" : 500,
    "errorCount" : 0,
    "errorPct" : 0.0,
    "meanResTime" : 605.9499999999996,
    "medianResTime" : 77.0,
    "minResTime" : 54.0,
    "maxResTime" : 15991.0,
    "pct1ResTime" : 837.5000000000018,
    "pct2ResTime" : 2901.0499999999965,
    "pct3ResTime" : 11983.900000000003,
    "throughput" : 15.291922806373673,
    "receivedKBytesPerSec" : 21.234447636633327,
    "sentKBytesPerSec" : 1.8218892406031133
  }
}