{
  "Register" : {
    "transaction" : "Register",
    "sampleCount" : 50,
    "errorCount" : 0,
    "errorPct" : 0.0,
    "meanResTime" : 594.2000000000003,
    "medianResTime" : 579.5,
    "minResTime" : 544.0,
    "maxResTime" : 964.0,
    "pct1ResTime" : 627.6999999999999,
    "pct2ResTime" : 782.3999999999992,
    "pct3ResTime" : 964.0,
    "throughput" : 4.854368932038835,
    "receivedKBytesPerSec" : 3.283146237864077,
    "sentKBytesPerSec" : 1.2088516383495145
  },
  "Single<Resource>Not found" : {
    "transaction" : "Single<Resource>Not found",
    "sampleCount" : 50,
    "errorCount" : 0,
    "errorPct" : 0.0,
    "meanResTime" : 629.82,
    "medianResTime" : 616.0,
    "minResTime" : 584.0,
    "maxResTime" : 839.0,
    "pct1ResTime" : 672.9,
    "pct2ResTime" : 739.7499999999995,
    "pct3ResTime" : 839.0,
    "throughput" : 4.934859849980261,
    "receivedKBytesPerSec" : 145.01056753972563,
    "sentKBytesPerSec" : 0.5349310970193447
  },
  "singleUser" : {
    "transaction" : "singleUser",
    "sampleCount" : 50,
    "errorCount" : 0,
    "errorPct" : 0.0,
    "meanResTime" : 66.72,
    "medianResTime" : 63.0,
    "minResTime" : 55.0,
    "maxResTime" : 130.0,
    "pct1ResTime" : 74.0,
    "pct2ResTime" : 103.59999999999997,
    "pct3ResTime" : 130.0,
    "throughput" : 5.269814502529512,
    "receivedKBytesPerSec" : 5.132099428225127,
    "sentKBytesPerSec" : 0.62784899346543
  },
  "Total" : {
    "transaction" : "Total",
    "sampleCount" : 300,
    "errorCount" : 0,
    "errorPct" : 0.0,
    "meanResTime" : 309.5566666666666,
    "medianResTime" : 274.5,
    "minResTime" : 55.0,
    "maxResTime" : 964.0,
    "pct1ResTime" : 616.9000000000001,
    "pct2ResTime" : 640.95,
    "pct3ResTime" : 838.5300000000004,
    "throughput" : 25.508035031034776,
    "receivedKBytesPerSec" : 147.9478486895247,
    "sentKBytesPerSec" : 4.3094629495791175
  },
  "LogIn" : {
    "transaction" : "LogIn",
    "sampleCount" : 50,
    "errorCount" : 0,
    "errorPct" : 0.0,
    "meanResTime" : 436.56000000000006,
    "medianResTime" : 435.5,
    "minResTime" : 399.0,
    "maxResTime" : 482.0,
    "pct1ResTime" : 459.0,
    "pct2ResTime" : 466.0,
    "pct3ResTime" : 482.0,
    "throughput" : 5.112997238981491,
    "receivedKBytesPerSec" : 3.4227122532978833,
    "sentKBytesPerSec" : 1.2782493097453727
  },
  "Listusers" : {
    "transaction" : "Listusers",
    "sampleCount" : 50,
    "errorCount" : 0,
    "errorPct" : 0.0,
    "meanResTime" : 67.54000000000003,
    "medianResTime" : 63.0,
    "minResTime" : 56.0,
    "maxResTime" : 150.0,
    "pct1ResTime" : 77.8,
    "pct2ResTime" : 108.19999999999993,
    "pct3ResTime" : 150.0,
    "throughput" : 5.309546564723372,
    "receivedKBytesPerSec" : 9.06511744053308,
    "sentKBytesPerSec" : 0.891837899543379
  },
  "List<Resource>" : {
    "transaction" : "List<Resource>",
    "sampleCount" : 50,
    "errorCount" : 0,
    "errorPct" : 0.0,
    "meanResTime" : 62.5,
    "medianResTime" : 61.0,
    "minResTime" : 55.0,
    "maxResTime" : 75.0,
    "pct1ResTime" : 71.9,
    "pct2ResTime" : 75.0,
    "pct3ResTime" : 75.0,
    "throughput" : 5.26371196968102,
    "receivedKBytesPerSec" : 7.308232281029581,
    "sentKBytesPerSec" : 0.6271219338877776
  }
}